date,headline
2025-09-01,"Day 1: Market update with detailed freight/commodity signal and noise."
2025-09-02,"Day 2: Market update with detailed freight/commodity signal and noise."
2025-09-03,"Day 3: Market update with detailed freight/commodity signal and noise."
2025-09-04,"Day 4: Market update with detailed freight/commodity signal and noise."
2025-09-05,"Day 5: Market update with detailed freight/commodity signal and noise."
2025-09-06,"Day 6: Market update with detailed freight/commodity signal and noise."
2025-09-07,"Day 7: Market update with detailed freight/commodity signal and noise."
2025-09-08,"Day 8: Market update with detailed freight/commodity signal and noise."
2025-09-09,"Day 9: Market update with detailed freight/commodity signal and noise."
2025-09-10,"Day 10: Market update with detailed freight/commodity signal and noise."
2025-09-11,"Day 11: Market update with detailed freight/commodity signal and noise."
2025-09-12,"Day 12: Market update with detailed freight/commodity signal and noise."
2025-09-13,"Day 13: Market update with detailed freight/commodity signal and noise."
2025-09-14,"Day 14: Market update with detailed freight/commodity signal and noise."
2025-09-15,"Day 15: Market update with detailed freight/commodity signal and noise."
2025-09-16,"Day 16: Market update with detailed freight/commodity signal and noise."
2025-09-17,"Day 17: Market update with detailed freight/commodity signal and noise."
2025-09-18,"Day 18: Market update with detailed freight/commodity signal and noise."
2025-09-19,"Day 19: Market update with detailed freight/commodity signal and noise."
2025-09-20,"Day 20: Market update with detailed freight/commodity signal and noise."
2025-09-21,"Day 21: Market update with detailed freight/commodity signal and noise."
2025-09-22,"Day 22: Market update with detailed freight/commodity signal and noise."